{
  "Component-dbg.js": 1692799304488,
  "i18n/i18n_en.properties": 1692799320488,
  "appconfig/fioriSandboxUser.js": 1692799880176,
  "manifest.json": 1692798894015,
  "appconfig/fioriSandboxConfig.js": 1692799819153,
  "Component.js": 1692799304488,
  "Component-preload.js": 1692858263963,
  "i18n/i18n.properties": 1692799325072,
  "appconfig/fioriSandboxConfig-dbg.js": 1692799819153,
  "appconfig/fioriSandboxUser-dbg.js": 1692799880176,
  "sap.aisaas.ui.flp/resources.json": 1692858264002,
  "css/style.css": 1692798478818,
  "index.html": 1692798478823
}