{
    "resources": [
        {
            "name": "../appconfig/fioriSandboxConfig-dbg.js",
            "isDebug": true
        },
        {
            "name": "../i18n/i18n_en.properties",
            "raw": "i18n/i18n.properties",
            "locale": "_en"
        },
        {
            "name": "../appconfig/fioriSandboxUser.js"
        },
        {
            "name": "../manifest.json"
        },
        {
            "name": "../appconfig/fioriSandboxConfig.js"
        },
        {
            "name": "../Component.js"
        },
        {
            "name": "../Component-preload.js",
            "merged": true
        },
        {
            "name": "../Component-dbg.js",
            "isDebug": true
        },
        {
            "name": "../i18n/i18n.properties",
            "raw": "i18n/i18n.properties"
        },
        {
            "name": "../appconfig/fioriSandboxUser-dbg.js",
            "isDebug": true
        },
        {
            "name": "../../../../../sap-ui-version.json"
        },
        {
            "name": "../css/style.css"
        },
        {
            "name": "../index.html"
        }
    ]
}